{
  "squid_nigiri": 2.652565128337786,
  "salmon_nigiri": 1.9309802461423606,
  "egg_nigiri": 1.5033462486575642,
  "wasabi_nigiri_multiplier": 2.7210789615948916,
  "wasabi_nigiri_in_hand": 5.29538417057786,
  "wasabi_squid_salmon_incoming": 3.4442834962389464,
  "wasabi_any_nigiri_incoming": 2.557025341430885,
  "wasabi_blind": 1.6472497219572608,
  "wasabi_already_unused": 0.054017867852477044,
  "tempura_completes_pair": 4.77613816372949,
  "tempura_pair_incoming": 3.1948520243148972,
  "tempura_speculative": 1.9490437800971818,
  "tempura_one_turn_left": 0.42077500505617893,
  "tempura_dead": 0.0,
  "sashimi_completes_set": 9.695807874768342,
  "sashimi_one_needed_incoming": 5.8380643956451275,
  "sashimi_one_needed_blind": 2.579826205652205,
  "sashimi_two_needed_incoming": 2.632231902511565,
  "sashimi_two_needed_speculative": 1.3143513197223737,
  "sashimi_fresh_start": 1.1227373318444966,
  "maki_lead_per_icon": 2.2437260893145723,
  "maki_tie_per_icon": 0.9958067619410899,
  "maki_trailing_per_icon": 0.6836978105579873,
  "maki_crowded_threshold": 5.397845594862553,
  "maki_crowded_penalty": -1.4312001283735456,
  "pudding_round1": 1.722191886012058,
  "pudding_round2": 2.2324750484431584,
  "pudding_r3_taking_lead": 5.812473732112801,
  "pudding_r3_avoiding_last": 4.765907755950374,
  "pudding_r3_neutral": 1.295134746906869,
  "pudding_race_bonus": 0.18156737688250912,
  "chopsticks_value": -100.0,
  "denial_weight": 0.546372802915988,
  "denial_sashimi_complete": 10.825006200149545,
  "denial_sashimi_partial": 2.2092434359753006,
  "denial_tempura_complete": 5.279231283172969,
  "denial_wasabi_nigiri": 2.1164608701736474,
  "denial_maki_per_icon": 0.8109113533262731,
  "denial_pudding_r3": 4.690972432063243,
  "dumpling_marginals_0": 1.3989579897104725,
  "dumpling_marginals_1": 1.8396648892482352,
  "dumpling_marginals_2": 3.2250773395820875,
  "dumpling_marginals_3": 3.513803019200755,
  "dumpling_marginals_4": 4.281189942363778,
  "_win_rate": 0.52
}